{"FirstFloor":[0.9803921580314636,0.8313725590705872,0.8274509906768799,0.0],"SecondFloor":[0.9803921580314636,0.8313725590705872,0.8274509906768799,1.0],"ThirdFloor":[0.9803921580314636,0.8313725590705872,0.8274509906768799,0.0],"FourthFloor":[0.9803921580314636,0.8313725590705872,0.8274509906768799,0.0],"SecondFloorBG":[0.7568627595901489,0.8784313797950745,0.8196078538894653,0.0],"ThirdFloorBG":[0.7568627595901489,0.8784313797950745,0.8196078538894653,0.0],"FourthFloorBG":[0.7568627595901489,0.8784313797950745,0.8196078538894653,0.0],"Walls":[0.062745101749897,0.5254902243614197,0.545098066329956],"BackGround":[0.7568627595901489,0.8784313797950745,0.8196078538894653],"Text":[1.0,1.0,1.0],"Menu":[0.019607843831181527,0.34117648005485537,0.3529411852359772],"Icons":[0.3960784375667572,0.7568627595901489,0.772549033164978],"Way":[0.5215686559677124,1.0,0.5137255191802979],"WaySpeed":6}