{"FirstFloor":[0.05490196496248245,0.46274513006210329,0.4901961088180542,0.0],"SecondFloor":[0.05490196496248245,0.46274513006210329,0.4901961088180542,1.0],"ThirdFloor":[0.05490196496248245,0.46274513006210329,0.4901961088180542,0.0],"FourthFloor":[0.05490196496248245,0.46274513006210329,0.4901961088180542,0.0],"SecondFloorBG":[0.43529415130615237,0.41960787773132326,0.4392157196998596,0.0],"ThirdFloorBG":[0.43529415130615237,0.41960787773132326,0.4392157196998596,0.0],"FourthFloorBG":[0.43529415130615237,0.41960787773132326,0.4392157196998596,0.0],"Walls":[0.019607843831181527,0.34117648005485537,0.3529411852359772],"BackGround":[0.43529415130615237,0.41960787773132326,0.4392157196998596],"Text":[1.0,1.0,1.0],"Menu":[0.019607843831181527,0.34117648005485537,0.3529411852359772],"Icons":[0.3960784375667572,0.7568627595901489,0.772549033164978],"Way":[0.5215686559677124,1.0,0.5137255191802979],"WaySpeed":6}