{"Rooms":[0.9803921580314636,0.8313725590705872,0.8274509906768799],"BackGround":[1.0,1.0,1.0],"Text":[1.0,1.0,1.0],"Menu":[0.8588235378265381,0.8588235378265381,0.8588235378265381],"Icons":[0.7568627595901489,0.8784313797950745,0.8196078538894653],"Way":[0.5215686559677124,1.0,0.5137255191802979],"WaySpeed":3}