{"Rooms":[0.9803921580314636,0.8313725590705872,0.8274509906768799],"BackGround":[0.7568627595901489,0.8784313797950745,0.8196078538894653],"Text":[1.0,1.0,1.0],"Menu":[0.6980392336845398,0.7803921699523926,0.8980392217636108],"Icons":[0.4156862795352936,0.7411764860153198,0.5843137502670288],"Way":[0.5137255191802979,0.8039215803146362,1.0],"WaySpeed":5}